{"proxy": "i.pixiv.re", "last": {"group_261796171": 1693025711.3414242, "group_789731815": 1693050122.293585, "group_696748432": 1695548715.2781172, "group_1003802944": 1695549545.1488266, "group_554646751": 1695552176.541681}, "group_1003802944": {}, "group_484428662": {}, "group_696748432": {}, "group_789731815": {"cd": 10}, "group_771686548": {}, "group_554646751": {}, "group_473195097": {}}